Goroutines,Workload,GOMAXPROCS,Runs,TotalTimeNs,TotalTimeMs,ThroughputReqPerSec
1,CPU-bound,1,5,3325558,3.00,300.81
1,CPU-bound,2,5,3399700,3.00,294.36
1,CPU-bound,8,5,3225249,3.00,310.08
1,Mixed,1,5,32558,0.00,30761.81
1,Mixed,2,5,33574,0.00,29785.51
1,Mixed,8,5,34391,0.00,29079.28
2,CPU-bound,1,5,6283516,6.00,318.30
2,CPU-bound,2,5,3283175,3.00,609.23
2,CPU-bound,8,5,3293608,3.00,607.39
2,Mixed,1,5,63992,0.00,31269.44
2,Mixed,2,5,59200,0.00,33790.90
2,Mixed,8,5,48433,0.00,41347.87
4,CPU-bound,1,5,13507474,13.00,297.59
4,CPU-bound,2,5,6599641,6.00,606.19
4,CPU-bound,8,5,3519400,3.00,1137.26
4,Mixed,1,5,127275,0.00,31432.32
4,Mixed,2,5,87508,0.00,46138.93
4,Mixed,8,5,77949,0.00,51891.42
8,CPU-bound,1,5,25260074,25.00,316.71
8,CPU-bound,2,5,13126258,13.00,609.58
8,CPU-bound,8,5,5728166,5.00,1406.85
8,Mixed,1,5,256991,0.00,31139.83
8,Mixed,2,5,163658,0.00,48908.42
8,Mixed,8,5,120450,0.00,67209.64
16,CPU-bound,1,5,50907549,50.00,314.35
16,CPU-bound,2,5,26215233,26.00,610.38
16,CPU-bound,8,5,10486041,10.00,1527.56
16,Mixed,1,5,506391,0.00,31598.61
16,Mixed,2,5,286391,0.00,55867.70
16,Mixed,8,5,166300,0.00,97108.39
32,CPU-bound,1,5,100616317,100.00,318.05
32,CPU-bound,2,5,51986183,51.00,615.55
32,CPU-bound,8,5,19714841,19.00,1624.23
32,Mixed,1,5,1010608,1.00,31664.65
32,Mixed,2,5,550791,0.00,58102.75
32,Mixed,8,5,289383,0.00,110906.61
64,CPU-bound,1,5,203110941,203.00,315.11
64,CPU-bound,2,5,104028383,104.00,615.22
64,CPU-bound,8,5,37573875,37.00,1703.69
64,Mixed,1,5,2025900,2.00,31591.41
64,Mixed,2,5,1071458,1.00,59732.51
64,Mixed,8,5,442625,0.00,144950.41
